resource_id,owner,env,tags_json
res-1,,dev,"{""project"": ""proj-5""}"
res-2,Bob,prod,"{""project"": ""proj-5""}"
res-3,Eve,test,"{""project"": ""proj-1""}"
res-4,Charlie,dev,"{""project"": ""proj-1""}"
res-5,Alice,prod,"{""project"": ""proj-4""}"
res-6,,prod,"{""project"": ""proj-3""}"
res-7,Bob,dev,"{""project"": ""proj-4""}"
res-8,Bob,prod,"{""project"": ""proj-3""}"
res-9,Bob,test,"{""project"": ""proj-4""}"
res-10,Alice,test,"{""project"": ""proj-4""}"
res-11,Diana,test,"{""project"": ""proj-4""}"
res-12,,prod,"{""project"": ""proj-4""}"
res-13,Alice,dev,"{""project"": ""proj-2""}"
res-14,Diana,prod,"{""project"": ""proj-3""}"
res-15,Charlie,dev,"{""project"": ""proj-3""}"
res-16,Bob,prod,"{""project"": ""proj-1""}"
res-17,Bob,prod,"{""project"": ""proj-5""}"
res-18,Charlie,test,"{""project"": ""proj-2""}"
res-19,Alice,prod,"{""project"": ""proj-2""}"
res-20,Eve,test,"{""project"": ""proj-2""}"
res-21,,test,"{""project"": ""proj-4""}"
res-22,Alice,prod,"{""project"": ""proj-5""}"
res-23,Alice,dev,"{""project"": ""proj-1""}"
res-24,Diana,dev,"{""project"": ""proj-5""}"
res-25,Diana,dev,"{""project"": ""proj-1""}"
res-26,,dev,"{""project"": ""proj-1""}"
res-27,Bob,prod,"{""project"": ""proj-4""}"
res-28,Alice,test,"{""project"": ""proj-5""}"
res-29,Bob,dev,"{""project"": ""proj-4""}"
res-30,Alice,test,"{""project"": ""proj-3""}"
res-31,Charlie,dev,"{""project"": ""proj-1""}"
res-32,Diana,prod,"{""project"": ""proj-5""}"
res-33,Alice,prod,"{""project"": ""proj-2""}"
res-34,Eve,dev,"{""project"": ""proj-4""}"
res-35,Diana,dev,"{""project"": ""proj-3""}"
res-36,Eve,dev,"{""project"": ""proj-1""}"
res-37,Alice,dev,"{""project"": ""proj-3""}"
res-38,,prod,"{""project"": ""proj-1""}"
res-39,,prod,"{""project"": ""proj-2""}"
res-40,,test,"{""project"": ""proj-5""}"
res-41,Alice,dev,"{""project"": ""proj-3""}"
res-42,Eve,dev,"{""project"": ""proj-1""}"
res-43,Bob,test,"{""project"": ""proj-2""}"
res-44,Bob,prod,"{""project"": ""proj-1""}"
res-45,Bob,dev,"{""project"": ""proj-2""}"
res-46,,dev,"{""project"": ""proj-3""}"
res-47,Diana,test,"{""project"": ""proj-3""}"
res-48,Alice,test,"{""project"": ""proj-3""}"
res-49,Alice,test,"{""project"": ""proj-2""}"
res-50,Charlie,test,"{""project"": ""proj-5""}"
res-51,,test,"{""project"": ""proj-1""}"
res-52,,test,"{""project"": ""proj-5""}"
res-53,Diana,test,"{""project"": ""proj-4""}"
res-54,Diana,prod,"{""project"": ""proj-2""}"
res-55,Diana,prod,"{""project"": ""proj-5""}"
res-56,,dev,"{""project"": ""proj-1""}"
res-57,Bob,prod,"{""project"": ""proj-3""}"
res-58,Diana,prod,"{""project"": ""proj-1""}"
res-59,Diana,test,"{""project"": ""proj-4""}"
res-60,Bob,dev,"{""project"": ""proj-5""}"
res-61,Diana,prod,"{""project"": ""proj-5""}"
res-62,Eve,test,"{""project"": ""proj-2""}"
res-63,Eve,test,"{""project"": ""proj-2""}"
res-64,Charlie,prod,"{""project"": ""proj-1""}"
res-65,Alice,test,"{""project"": ""proj-4""}"
res-66,Diana,test,"{""project"": ""proj-5""}"
res-67,Charlie,test,"{""project"": ""proj-4""}"
res-68,Diana,test,"{""project"": ""proj-1""}"
res-69,Bob,prod,"{""project"": ""proj-5""}"
res-70,Diana,dev,"{""project"": ""proj-4""}"
res-71,Charlie,test,"{""project"": ""proj-4""}"
res-72,Eve,dev,"{""project"": ""proj-3""}"
res-73,Bob,dev,"{""project"": ""proj-5""}"
res-74,Bob,test,"{""project"": ""proj-3""}"
res-75,Bob,test,"{""project"": ""proj-1""}"
res-76,Bob,dev,"{""project"": ""proj-5""}"
res-77,Eve,dev,"{""project"": ""proj-3""}"
res-78,Charlie,dev,"{""project"": ""proj-4""}"
res-79,Diana,dev,"{""project"": ""proj-5""}"
res-80,,prod,"{""project"": ""proj-3""}"
res-81,Diana,prod,"{""project"": ""proj-5""}"
res-82,Bob,test,"{""project"": ""proj-3""}"
res-83,Bob,dev,"{""project"": ""proj-2""}"
res-84,Diana,test,"{""project"": ""proj-1""}"
res-85,Eve,test,"{""project"": ""proj-4""}"
res-86,Diana,test,"{""project"": ""proj-3""}"
res-87,Eve,prod,"{""project"": ""proj-2""}"
res-88,Eve,prod,"{""project"": ""proj-3""}"
res-89,Alice,prod,"{""project"": ""proj-5""}"
res-90,Bob,prod,"{""project"": ""proj-4""}"
res-91,Charlie,dev,"{""project"": ""proj-1""}"
res-92,Eve,prod,"{""project"": ""proj-1""}"
res-93,Alice,prod,"{""project"": ""proj-4""}"
res-94,Eve,test,"{""project"": ""proj-3""}"
res-95,Charlie,prod,"{""project"": ""proj-1""}"
res-96,Diana,test,"{""project"": ""proj-5""}"
res-97,,test,"{""project"": ""proj-1""}"
res-98,Eve,dev,"{""project"": ""proj-2""}"
res-99,Eve,prod,"{""project"": ""proj-5""}"
res-100,Charlie,prod,"{""project"": ""proj-5""}"
res-101,,test,"{""project"": ""proj-5""}"
res-102,Alice,prod,"{""project"": ""proj-3""}"
res-103,Bob,prod,"{""project"": ""proj-4""}"
res-104,,dev,"{""project"": ""proj-2""}"
res-105,Diana,prod,"{""project"": ""proj-1""}"
res-106,Diana,prod,"{""project"": ""proj-1""}"
res-107,Eve,test,"{""project"": ""proj-4""}"
res-108,Diana,prod,"{""project"": ""proj-4""}"
res-109,Charlie,prod,"{""project"": ""proj-1""}"
res-110,,dev,"{""project"": ""proj-4""}"
res-111,Diana,dev,"{""project"": ""proj-4""}"
res-112,Bob,dev,"{""project"": ""proj-3""}"
res-113,Charlie,prod,"{""project"": ""proj-5""}"
res-114,Eve,prod,"{""project"": ""proj-4""}"
res-115,Diana,dev,"{""project"": ""proj-3""}"
res-116,Bob,prod,"{""project"": ""proj-5""}"
res-117,Alice,prod,"{""project"": ""proj-2""}"
res-118,,test,"{""project"": ""proj-1""}"
res-119,Alice,prod,"{""project"": ""proj-1""}"
res-120,,prod,"{""project"": ""proj-1""}"
res-121,Alice,test,"{""project"": ""proj-3""}"
res-122,,dev,"{""project"": ""proj-2""}"
res-123,Diana,prod,"{""project"": ""proj-2""}"
res-124,Alice,test,"{""project"": ""proj-3""}"
res-125,Charlie,prod,"{""project"": ""proj-4""}"
res-126,Alice,dev,"{""project"": ""proj-4""}"
res-127,,test,"{""project"": ""proj-3""}"
res-128,Charlie,dev,"{""project"": ""proj-5""}"
res-129,,prod,"{""project"": ""proj-2""}"
res-130,,dev,"{""project"": ""proj-1""}"
res-131,Eve,test,"{""project"": ""proj-5""}"
res-132,Charlie,prod,"{""project"": ""proj-3""}"
res-133,,prod,"{""project"": ""proj-4""}"
res-134,Diana,test,"{""project"": ""proj-3""}"
res-135,Eve,test,"{""project"": ""proj-5""}"
res-136,Alice,dev,"{""project"": ""proj-1""}"
res-137,Eve,dev,"{""project"": ""proj-4""}"
res-138,,dev,"{""project"": ""proj-4""}"
res-139,Charlie,dev,"{""project"": ""proj-4""}"
res-140,,test,"{""project"": ""proj-1""}"
res-141,Bob,prod,"{""project"": ""proj-5""}"
res-142,Bob,dev,"{""project"": ""proj-5""}"
res-143,Eve,dev,"{""project"": ""proj-3""}"
res-144,Alice,dev,"{""project"": ""proj-1""}"
res-145,Alice,dev,"{""project"": ""proj-4""}"
res-146,Charlie,prod,"{""project"": ""proj-5""}"
res-147,,prod,"{""project"": ""proj-3""}"
res-148,Alice,test,"{""project"": ""proj-4""}"
res-149,Charlie,prod,"{""project"": ""proj-5""}"
res-150,Eve,prod,"{""project"": ""proj-4""}"
res-151,Bob,test,"{""project"": ""proj-3""}"
res-152,,test,"{""project"": ""proj-3""}"
res-153,Alice,prod,"{""project"": ""proj-3""}"
res-154,,dev,"{""project"": ""proj-4""}"
res-155,Charlie,dev,"{""project"": ""proj-5""}"
res-156,Charlie,prod,"{""project"": ""proj-3""}"
res-157,Eve,prod,"{""project"": ""proj-5""}"
res-158,,test,"{""project"": ""proj-3""}"
res-159,Alice,dev,"{""project"": ""proj-1""}"
res-160,Bob,test,"{""project"": ""proj-3""}"
res-161,Eve,dev,"{""project"": ""proj-1""}"
res-162,Diana,test,"{""project"": ""proj-2""}"
res-163,,prod,"{""project"": ""proj-4""}"
res-164,Alice,dev,"{""project"": ""proj-2""}"
res-165,Alice,test,"{""project"": ""proj-4""}"
res-166,,test,"{""project"": ""proj-1""}"
res-167,Charlie,prod,"{""project"": ""proj-4""}"
res-168,Charlie,dev,"{""project"": ""proj-5""}"
res-169,Eve,test,"{""project"": ""proj-5""}"
res-170,Bob,dev,"{""project"": ""proj-5""}"
res-171,,dev,"{""project"": ""proj-2""}"
res-172,,dev,"{""project"": ""proj-2""}"
res-173,Eve,prod,"{""project"": ""proj-5""}"
res-174,,test,"{""project"": ""proj-3""}"
res-175,Alice,dev,"{""project"": ""proj-3""}"
res-176,Diana,test,"{""project"": ""proj-5""}"
res-177,Eve,dev,"{""project"": ""proj-1""}"
res-178,Alice,dev,"{""project"": ""proj-4""}"
res-179,Charlie,test,"{""project"": ""proj-4""}"
res-180,Eve,prod,"{""project"": ""proj-4""}"
res-181,Eve,prod,"{""project"": ""proj-2""}"
res-182,Alice,test,"{""project"": ""proj-5""}"
res-183,Diana,prod,"{""project"": ""proj-3""}"
res-184,Diana,dev,"{""project"": ""proj-2""}"
res-185,Eve,prod,"{""project"": ""proj-5""}"
res-186,Bob,dev,"{""project"": ""proj-5""}"
res-187,Bob,test,"{""project"": ""proj-5""}"
res-188,Diana,dev,"{""project"": ""proj-3""}"
res-189,Bob,dev,"{""project"": ""proj-5""}"
res-190,Alice,prod,"{""project"": ""proj-5""}"
res-191,Eve,dev,"{""project"": ""proj-4""}"
res-192,Diana,prod,"{""project"": ""proj-3""}"
res-193,Alice,prod,"{""project"": ""proj-3""}"
res-194,Bob,prod,"{""project"": ""proj-4""}"
res-195,Bob,prod,"{""project"": ""proj-5""}"
res-196,Alice,dev,"{""project"": ""proj-4""}"
res-197,,prod,"{""project"": ""proj-5""}"
res-198,Bob,prod,"{""project"": ""proj-4""}"
res-199,Eve,prod,"{""project"": ""proj-5""}"
res-200,Charlie,prod,"{""project"": ""proj-1""}"
res-201,,test,"{""project"": ""proj-2""}"
res-202,,test,"{""project"": ""proj-4""}"
res-203,Alice,dev,"{""project"": ""proj-1""}"
res-204,Alice,prod,"{""project"": ""proj-2""}"
res-205,Charlie,test,"{""project"": ""proj-4""}"
res-206,Charlie,prod,"{""project"": ""proj-3""}"
res-207,Bob,prod,"{""project"": ""proj-3""}"
res-208,Eve,prod,"{""project"": ""proj-4""}"
res-209,Charlie,prod,"{""project"": ""proj-4""}"
res-210,,prod,"{""project"": ""proj-2""}"
res-211,Bob,prod,"{""project"": ""proj-3""}"
res-212,Diana,test,"{""project"": ""proj-3""}"
res-213,Charlie,prod,"{""project"": ""proj-3""}"
res-214,Eve,dev,"{""project"": ""proj-3""}"
res-215,Diana,dev,"{""project"": ""proj-1""}"
res-216,,test,"{""project"": ""proj-3""}"
res-217,,prod,"{""project"": ""proj-2""}"
res-218,Bob,test,"{""project"": ""proj-1""}"
res-219,Eve,dev,"{""project"": ""proj-5""}"
res-220,Diana,prod,"{""project"": ""proj-1""}"
res-221,Eve,test,"{""project"": ""proj-2""}"
res-222,Eve,dev,"{""project"": ""proj-3""}"
res-223,Eve,test,"{""project"": ""proj-1""}"
res-224,Charlie,prod,"{""project"": ""proj-5""}"
res-225,Bob,dev,"{""project"": ""proj-5""}"
res-226,,prod,"{""project"": ""proj-3""}"
res-227,,prod,"{""project"": ""proj-3""}"
res-228,,dev,"{""project"": ""proj-2""}"
res-229,Bob,test,"{""project"": ""proj-3""}"
res-230,Charlie,dev,"{""project"": ""proj-4""}"
res-231,Charlie,test,"{""project"": ""proj-5""}"
res-232,Bob,dev,"{""project"": ""proj-4""}"
res-233,Diana,prod,"{""project"": ""proj-4""}"
res-234,Diana,prod,"{""project"": ""proj-4""}"
res-235,Charlie,prod,"{""project"": ""proj-3""}"
res-236,Bob,test,"{""project"": ""proj-5""}"
res-237,Charlie,prod,"{""project"": ""proj-5""}"
res-238,Charlie,prod,"{""project"": ""proj-3""}"
res-239,Alice,dev,"{""project"": ""proj-2""}"
res-240,Eve,dev,"{""project"": ""proj-3""}"
res-241,Eve,prod,"{""project"": ""proj-5""}"
res-242,,dev,"{""project"": ""proj-4""}"
res-243,Eve,prod,"{""project"": ""proj-2""}"
res-244,Eve,test,"{""project"": ""proj-2""}"
res-245,Charlie,test,"{""project"": ""proj-2""}"
res-246,,prod,"{""project"": ""proj-1""}"
res-247,Diana,prod,"{""project"": ""proj-4""}"
res-248,,prod,"{""project"": ""proj-3""}"
res-249,Charlie,test,"{""project"": ""proj-2""}"
res-250,,test,"{""project"": ""proj-3""}"
res-251,Diana,test,"{""project"": ""proj-2""}"
res-252,,test,"{""project"": ""proj-4""}"
res-253,Bob,dev,"{""project"": ""proj-5""}"
res-254,Alice,dev,"{""project"": ""proj-4""}"
res-255,Bob,test,"{""project"": ""proj-4""}"
res-256,Alice,prod,"{""project"": ""proj-5""}"
res-257,Bob,dev,"{""project"": ""proj-4""}"
res-258,Eve,prod,"{""project"": ""proj-1""}"
res-259,Bob,prod,"{""project"": ""proj-4""}"
res-260,,test,"{""project"": ""proj-2""}"
res-261,,test,"{""project"": ""proj-4""}"
res-262,Bob,test,"{""project"": ""proj-3""}"
res-263,Charlie,test,"{""project"": ""proj-3""}"
res-264,Alice,test,"{""project"": ""proj-3""}"
res-265,,test,"{""project"": ""proj-3""}"
res-266,Eve,test,"{""project"": ""proj-4""}"
res-267,Eve,dev,"{""project"": ""proj-5""}"
res-268,Alice,dev,"{""project"": ""proj-5""}"
res-269,Eve,test,"{""project"": ""proj-1""}"
res-270,Alice,test,"{""project"": ""proj-2""}"
res-271,,test,"{""project"": ""proj-1""}"
res-272,Diana,test,"{""project"": ""proj-1""}"
res-273,Bob,dev,"{""project"": ""proj-4""}"
res-274,,prod,"{""project"": ""proj-2""}"
res-275,,dev,"{""project"": ""proj-1""}"
res-276,Bob,dev,"{""project"": ""proj-4""}"
res-277,,test,"{""project"": ""proj-5""}"
res-278,Diana,prod,"{""project"": ""proj-1""}"
res-279,Alice,dev,"{""project"": ""proj-5""}"
res-280,,test,"{""project"": ""proj-2""}"
res-281,Charlie,dev,"{""project"": ""proj-5""}"
res-282,,prod,"{""project"": ""proj-4""}"
res-283,Diana,dev,"{""project"": ""proj-5""}"
res-284,Alice,prod,"{""project"": ""proj-4""}"
res-285,Bob,test,"{""project"": ""proj-1""}"
res-286,Diana,prod,"{""project"": ""proj-5""}"
res-287,Bob,test,"{""project"": ""proj-3""}"
res-288,,prod,"{""project"": ""proj-2""}"
res-289,Eve,prod,"{""project"": ""proj-3""}"
res-290,,test,"{""project"": ""proj-3""}"
res-291,Bob,prod,"{""project"": ""proj-2""}"
res-292,Charlie,dev,"{""project"": ""proj-2""}"
res-293,,prod,"{""project"": ""proj-3""}"
res-294,Charlie,dev,"{""project"": ""proj-2""}"
res-295,Alice,prod,"{""project"": ""proj-1""}"
res-296,Alice,dev,"{""project"": ""proj-5""}"
res-297,,test,"{""project"": ""proj-1""}"
res-298,,test,"{""project"": ""proj-5""}"
res-299,Alice,prod,"{""project"": ""proj-2""}"
res-300,Charlie,test,"{""project"": ""proj-1""}"
res-301,Bob,test,"{""project"": ""proj-1""}"
res-302,Alice,prod,"{""project"": ""proj-1""}"
res-303,Alice,prod,"{""project"": ""proj-1""}"
res-304,Alice,prod,"{""project"": ""proj-3""}"
res-305,Charlie,dev,"{""project"": ""proj-2""}"
res-306,Eve,test,"{""project"": ""proj-5""}"
res-307,Charlie,dev,"{""project"": ""proj-1""}"
res-308,Eve,test,"{""project"": ""proj-3""}"
res-309,Diana,test,"{""project"": ""proj-2""}"
res-310,Alice,test,"{""project"": ""proj-2""}"
res-311,Alice,dev,"{""project"": ""proj-3""}"
res-312,Diana,test,"{""project"": ""proj-5""}"
res-313,Alice,prod,"{""project"": ""proj-5""}"
res-314,Alice,prod,"{""project"": ""proj-5""}"
res-315,Charlie,test,"{""project"": ""proj-3""}"
res-316,Charlie,test,"{""project"": ""proj-1""}"
res-317,Diana,dev,"{""project"": ""proj-2""}"
res-318,Charlie,test,"{""project"": ""proj-3""}"
res-319,,dev,"{""project"": ""proj-4""}"
res-320,,test,"{""project"": ""proj-5""}"
res-321,Eve,dev,"{""project"": ""proj-5""}"
res-322,Diana,prod,"{""project"": ""proj-2""}"
res-323,Bob,prod,"{""project"": ""proj-3""}"
res-324,Alice,test,"{""project"": ""proj-5""}"
res-325,,test,"{""project"": ""proj-5""}"
res-326,Alice,dev,"{""project"": ""proj-2""}"
res-327,,prod,"{""project"": ""proj-4""}"
res-328,Eve,prod,"{""project"": ""proj-5""}"
res-329,Eve,prod,"{""project"": ""proj-5""}"
res-330,Alice,dev,"{""project"": ""proj-2""}"
res-331,Charlie,test,"{""project"": ""proj-1""}"
res-332,,dev,"{""project"": ""proj-1""}"
res-333,Eve,dev,"{""project"": ""proj-3""}"
res-334,,test,"{""project"": ""proj-4""}"
res-335,Alice,prod,"{""project"": ""proj-2""}"
res-336,Eve,dev,"{""project"": ""proj-3""}"
res-337,Diana,prod,"{""project"": ""proj-3""}"
res-338,Diana,prod,"{""project"": ""proj-2""}"
res-339,Bob,test,"{""project"": ""proj-1""}"
res-340,Eve,dev,"{""project"": ""proj-5""}"
res-341,,dev,"{""project"": ""proj-5""}"
res-342,Diana,prod,"{""project"": ""proj-1""}"
res-343,Eve,prod,"{""project"": ""proj-4""}"
res-344,Eve,dev,"{""project"": ""proj-2""}"
res-345,Diana,prod,"{""project"": ""proj-4""}"
res-346,Charlie,prod,"{""project"": ""proj-1""}"
res-347,,dev,"{""project"": ""proj-3""}"
res-348,Alice,dev,"{""project"": ""proj-2""}"
res-349,Bob,dev,"{""project"": ""proj-1""}"
res-350,,test,"{""project"": ""proj-3""}"
res-351,Diana,dev,"{""project"": ""proj-3""}"
res-352,,test,"{""project"": ""proj-4""}"
res-353,Alice,prod,"{""project"": ""proj-1""}"
res-354,Diana,test,"{""project"": ""proj-5""}"
res-355,Eve,test,"{""project"": ""proj-2""}"
res-356,Charlie,prod,"{""project"": ""proj-5""}"
res-357,,test,"{""project"": ""proj-1""}"
res-358,Diana,dev,"{""project"": ""proj-2""}"
res-359,Charlie,prod,"{""project"": ""proj-2""}"
res-360,Alice,prod,"{""project"": ""proj-1""}"
res-361,Eve,prod,"{""project"": ""proj-4""}"
res-362,Diana,prod,"{""project"": ""proj-2""}"
res-363,Alice,dev,"{""project"": ""proj-3""}"
res-364,,dev,"{""project"": ""proj-1""}"
res-365,,dev,"{""project"": ""proj-2""}"
res-366,Alice,dev,"{""project"": ""proj-1""}"
res-367,,dev,"{""project"": ""proj-2""}"
res-368,Eve,dev,"{""project"": ""proj-4""}"
res-369,Diana,prod,"{""project"": ""proj-5""}"
res-370,Eve,test,"{""project"": ""proj-3""}"
res-371,Alice,test,"{""project"": ""proj-2""}"
res-372,Eve,test,"{""project"": ""proj-4""}"
res-373,Charlie,dev,"{""project"": ""proj-3""}"
res-374,Eve,prod,"{""project"": ""proj-1""}"
res-375,Diana,dev,"{""project"": ""proj-4""}"
res-376,Bob,prod,"{""project"": ""proj-1""}"
res-377,,test,"{""project"": ""proj-2""}"
res-378,Alice,test,"{""project"": ""proj-4""}"
res-379,Diana,test,"{""project"": ""proj-5""}"
res-380,Charlie,dev,"{""project"": ""proj-5""}"
res-381,Alice,dev,"{""project"": ""proj-1""}"
res-382,Alice,prod,"{""project"": ""proj-4""}"
res-383,Alice,prod,"{""project"": ""proj-3""}"
res-384,Eve,dev,"{""project"": ""proj-4""}"
res-385,Diana,dev,"{""project"": ""proj-3""}"
res-386,Charlie,prod,"{""project"": ""proj-4""}"
res-387,Alice,dev,"{""project"": ""proj-5""}"
res-388,,test,"{""project"": ""proj-1""}"
res-389,Bob,prod,"{""project"": ""proj-3""}"
res-390,Charlie,test,"{""project"": ""proj-1""}"
res-391,Alice,test,"{""project"": ""proj-2""}"
res-392,,test,"{""project"": ""proj-3""}"
res-393,Eve,dev,"{""project"": ""proj-2""}"
res-394,Eve,test,"{""project"": ""proj-2""}"
res-395,,test,"{""project"": ""proj-5""}"
res-396,Charlie,test,"{""project"": ""proj-5""}"
res-397,Diana,prod,"{""project"": ""proj-5""}"
res-398,Alice,dev,"{""project"": ""proj-2""}"
res-399,Alice,dev,"{""project"": ""proj-1""}"
res-400,Diana,dev,"{""project"": ""proj-2""}"
res-401,Bob,test,"{""project"": ""proj-2""}"
res-402,Eve,prod,"{""project"": ""proj-2""}"
res-403,Charlie,test,"{""project"": ""proj-2""}"
res-404,Eve,dev,"{""project"": ""proj-4""}"
res-405,Eve,test,"{""project"": ""proj-4""}"
res-406,Charlie,dev,"{""project"": ""proj-4""}"
res-407,,dev,"{""project"": ""proj-3""}"
res-408,Bob,dev,"{""project"": ""proj-2""}"
res-409,Eve,dev,"{""project"": ""proj-5""}"
res-410,Alice,dev,"{""project"": ""proj-2""}"
res-411,Eve,dev,"{""project"": ""proj-2""}"
res-412,,dev,"{""project"": ""proj-1""}"
res-413,Charlie,test,"{""project"": ""proj-3""}"
res-414,Bob,prod,"{""project"": ""proj-5""}"
res-415,,prod,"{""project"": ""proj-3""}"
res-416,Eve,dev,"{""project"": ""proj-2""}"
res-417,Bob,test,"{""project"": ""proj-1""}"
res-418,,prod,"{""project"": ""proj-3""}"
res-419,Charlie,test,"{""project"": ""proj-1""}"
res-420,Diana,test,"{""project"": ""proj-4""}"
res-421,Eve,prod,"{""project"": ""proj-2""}"
res-422,Charlie,dev,"{""project"": ""proj-1""}"
res-423,Alice,test,"{""project"": ""proj-5""}"
res-424,Bob,dev,"{""project"": ""proj-1""}"
res-425,,prod,"{""project"": ""proj-3""}"
res-426,Eve,test,"{""project"": ""proj-2""}"
res-427,,prod,"{""project"": ""proj-5""}"
res-428,Charlie,dev,"{""project"": ""proj-4""}"
res-429,Charlie,dev,"{""project"": ""proj-5""}"
res-430,Alice,test,"{""project"": ""proj-4""}"
res-431,,prod,"{""project"": ""proj-1""}"
res-432,Alice,test,"{""project"": ""proj-5""}"
res-433,Diana,test,"{""project"": ""proj-1""}"
res-434,,prod,"{""project"": ""proj-2""}"
res-435,Bob,dev,"{""project"": ""proj-4""}"
res-436,,dev,"{""project"": ""proj-1""}"
res-437,Eve,test,"{""project"": ""proj-1""}"
res-438,Eve,prod,"{""project"": ""proj-1""}"
res-439,Diana,test,"{""project"": ""proj-4""}"
res-440,Diana,dev,"{""project"": ""proj-5""}"
res-441,Diana,test,"{""project"": ""proj-3""}"
res-442,,prod,"{""project"": ""proj-1""}"
res-443,Diana,prod,"{""project"": ""proj-1""}"
res-444,Charlie,dev,"{""project"": ""proj-5""}"
res-445,Eve,prod,"{""project"": ""proj-1""}"
res-446,Alice,test,"{""project"": ""proj-2""}"
res-447,Alice,prod,"{""project"": ""proj-1""}"
res-448,Diana,prod,"{""project"": ""proj-5""}"
res-449,Diana,dev,"{""project"": ""proj-2""}"
res-450,Diana,prod,"{""project"": ""proj-1""}"
res-451,Bob,test,"{""project"": ""proj-5""}"
res-452,Bob,test,"{""project"": ""proj-3""}"
res-453,,test,"{""project"": ""proj-5""}"
res-454,Charlie,prod,"{""project"": ""proj-3""}"
res-455,Bob,dev,"{""project"": ""proj-5""}"
res-456,Charlie,test,"{""project"": ""proj-4""}"
res-457,Eve,dev,"{""project"": ""proj-3""}"
res-458,Bob,prod,"{""project"": ""proj-5""}"
res-459,,prod,"{""project"": ""proj-2""}"
res-460,Charlie,test,"{""project"": ""proj-3""}"
res-461,Diana,dev,"{""project"": ""proj-5""}"
res-462,Diana,prod,"{""project"": ""proj-3""}"
res-463,Eve,test,"{""project"": ""proj-2""}"
res-464,Bob,test,"{""project"": ""proj-1""}"
res-465,Bob,test,"{""project"": ""proj-1""}"
res-466,Diana,test,"{""project"": ""proj-1""}"
res-467,Eve,dev,"{""project"": ""proj-1""}"
res-468,Diana,prod,"{""project"": ""proj-5""}"
res-469,Diana,prod,"{""project"": ""proj-5""}"
res-470,Diana,test,"{""project"": ""proj-2""}"
res-471,Bob,dev,"{""project"": ""proj-1""}"
res-472,,test,"{""project"": ""proj-5""}"
res-473,Alice,test,"{""project"": ""proj-4""}"
res-474,Bob,prod,"{""project"": ""proj-1""}"
res-475,Eve,prod,"{""project"": ""proj-2""}"
res-476,Alice,test,"{""project"": ""proj-2""}"
res-477,Charlie,dev,"{""project"": ""proj-1""}"
res-478,Alice,prod,"{""project"": ""proj-1""}"
res-479,Eve,dev,"{""project"": ""proj-1""}"
res-480,Alice,dev,"{""project"": ""proj-1""}"
res-481,Alice,dev,"{""project"": ""proj-1""}"
res-482,Charlie,prod,"{""project"": ""proj-1""}"
res-483,Diana,test,"{""project"": ""proj-4""}"
res-484,,dev,"{""project"": ""proj-2""}"
res-485,Bob,prod,"{""project"": ""proj-4""}"
res-486,Alice,test,"{""project"": ""proj-4""}"
res-487,,prod,"{""project"": ""proj-5""}"
res-488,,prod,"{""project"": ""proj-2""}"
res-489,Eve,prod,"{""project"": ""proj-1""}"
res-490,Alice,test,"{""project"": ""proj-3""}"
res-491,,test,"{""project"": ""proj-4""}"
res-492,Diana,test,"{""project"": ""proj-3""}"
res-493,Alice,prod,"{""project"": ""proj-5""}"
res-494,Eve,dev,"{""project"": ""proj-4""}"
res-495,Eve,prod,"{""project"": ""proj-4""}"
res-496,Charlie,prod,"{""project"": ""proj-3""}"
res-497,Diana,dev,"{""project"": ""proj-4""}"
res-498,Diana,dev,"{""project"": ""proj-4""}"
res-499,,prod,"{""project"": ""proj-1""}"
res-500,Diana,dev,"{""project"": ""proj-5""}"
res-501,Bob,prod,"{""project"": ""proj-5""}"
res-502,Charlie,prod,"{""project"": ""proj-4""}"
res-503,Charlie,test,"{""project"": ""proj-4""}"
res-504,,prod,"{""project"": ""proj-3""}"
res-505,,dev,"{""project"": ""proj-2""}"
res-506,Eve,test,"{""project"": ""proj-5""}"
res-507,Alice,test,"{""project"": ""proj-2""}"
res-508,,test,"{""project"": ""proj-2""}"
res-509,Diana,dev,"{""project"": ""proj-5""}"
res-510,,test,"{""project"": ""proj-1""}"
res-511,,test,"{""project"": ""proj-2""}"
res-512,Eve,dev,"{""project"": ""proj-2""}"
res-513,,prod,"{""project"": ""proj-1""}"
res-514,Bob,prod,"{""project"": ""proj-3""}"
res-515,Charlie,prod,"{""project"": ""proj-1""}"
res-516,,test,"{""project"": ""proj-5""}"
res-517,Eve,prod,"{""project"": ""proj-4""}"
res-518,Charlie,dev,"{""project"": ""proj-5""}"
res-519,Diana,dev,"{""project"": ""proj-5""}"
res-520,Alice,test,"{""project"": ""proj-3""}"
res-521,Eve,test,"{""project"": ""proj-4""}"
res-522,Alice,dev,"{""project"": ""proj-5""}"
res-523,Bob,prod,"{""project"": ""proj-4""}"
res-524,Bob,dev,"{""project"": ""proj-4""}"
res-525,Charlie,prod,"{""project"": ""proj-1""}"
res-526,Diana,test,"{""project"": ""proj-1""}"
res-527,,prod,"{""project"": ""proj-1""}"
res-528,Charlie,prod,"{""project"": ""proj-1""}"
res-529,Eve,dev,"{""project"": ""proj-2""}"
res-530,,prod,"{""project"": ""proj-3""}"
res-531,Eve,prod,"{""project"": ""proj-4""}"
res-532,,test,"{""project"": ""proj-2""}"
res-533,Charlie,dev,"{""project"": ""proj-1""}"
res-534,Alice,test,"{""project"": ""proj-1""}"
res-535,Charlie,dev,"{""project"": ""proj-2""}"
res-536,Diana,test,"{""project"": ""proj-5""}"
res-537,Charlie,test,"{""project"": ""proj-2""}"
res-538,Charlie,dev,"{""project"": ""proj-3""}"
res-539,Alice,dev,"{""project"": ""proj-5""}"
res-540,,dev,"{""project"": ""proj-1""}"
res-541,Eve,dev,"{""project"": ""proj-1""}"
res-542,Bob,prod,"{""project"": ""proj-3""}"
res-543,Eve,dev,"{""project"": ""proj-2""}"
res-544,Eve,prod,"{""project"": ""proj-2""}"
res-545,Charlie,test,"{""project"": ""proj-2""}"
res-546,Diana,dev,"{""project"": ""proj-1""}"
res-547,Charlie,prod,"{""project"": ""proj-5""}"
res-548,Alice,prod,"{""project"": ""proj-3""}"
res-549,Charlie,test,"{""project"": ""proj-4""}"
res-550,Eve,prod,"{""project"": ""proj-3""}"
res-551,Alice,prod,"{""project"": ""proj-2""}"
res-552,Diana,dev,"{""project"": ""proj-5""}"
res-553,Eve,dev,"{""project"": ""proj-2""}"
res-554,Bob,prod,"{""project"": ""proj-4""}"
res-555,Diana,test,"{""project"": ""proj-2""}"
res-556,Bob,prod,"{""project"": ""proj-5""}"
res-557,Alice,dev,"{""project"": ""proj-4""}"
res-558,Eve,prod,"{""project"": ""proj-4""}"
res-559,Eve,dev,"{""project"": ""proj-5""}"
res-560,Eve,dev,"{""project"": ""proj-4""}"
res-561,Diana,test,"{""project"": ""proj-3""}"
res-562,Alice,test,"{""project"": ""proj-5""}"
res-563,Alice,prod,"{""project"": ""proj-5""}"
res-564,Charlie,test,"{""project"": ""proj-3""}"
res-565,Eve,test,"{""project"": ""proj-5""}"
res-566,Eve,test,"{""project"": ""proj-2""}"
res-567,Eve,test,"{""project"": ""proj-4""}"
res-568,Bob,dev,"{""project"": ""proj-2""}"
res-569,,dev,"{""project"": ""proj-2""}"
res-570,Diana,dev,"{""project"": ""proj-1""}"
res-571,Diana,test,"{""project"": ""proj-5""}"
res-572,Bob,prod,"{""project"": ""proj-4""}"
res-573,Eve,prod,"{""project"": ""proj-5""}"
res-574,Alice,dev,"{""project"": ""proj-1""}"
res-575,Eve,dev,"{""project"": ""proj-1""}"
res-576,Charlie,dev,"{""project"": ""proj-5""}"
res-577,Diana,prod,"{""project"": ""proj-1""}"
res-578,Charlie,prod,"{""project"": ""proj-5""}"
res-579,Charlie,test,"{""project"": ""proj-4""}"
res-580,Bob,prod,"{""project"": ""proj-2""}"
res-581,Charlie,dev,"{""project"": ""proj-3""}"
res-582,Bob,test,"{""project"": ""proj-3""}"
res-583,,dev,"{""project"": ""proj-4""}"
res-584,Bob,dev,"{""project"": ""proj-5""}"
res-585,,test,"{""project"": ""proj-5""}"
res-586,Diana,prod,"{""project"": ""proj-3""}"
res-587,Eve,dev,"{""project"": ""proj-1""}"
res-588,Diana,prod,"{""project"": ""proj-2""}"
res-589,Alice,dev,"{""project"": ""proj-2""}"
res-590,Charlie,dev,"{""project"": ""proj-5""}"
res-591,Bob,test,"{""project"": ""proj-4""}"
res-592,Charlie,test,"{""project"": ""proj-2""}"
res-593,Bob,prod,"{""project"": ""proj-4""}"
res-594,Bob,test,"{""project"": ""proj-4""}"
res-595,Eve,prod,"{""project"": ""proj-1""}"
res-596,Charlie,test,"{""project"": ""proj-1""}"
res-597,Charlie,test,"{""project"": ""proj-1""}"
res-598,,prod,"{""project"": ""proj-5""}"
res-599,,test,"{""project"": ""proj-1""}"
res-600,,test,"{""project"": ""proj-4""}"
res-601,Charlie,prod,"{""project"": ""proj-3""}"
res-602,Charlie,prod,"{""project"": ""proj-5""}"
res-603,Bob,prod,"{""project"": ""proj-2""}"
res-604,Alice,test,"{""project"": ""proj-5""}"
res-605,Eve,dev,"{""project"": ""proj-1""}"
res-606,Bob,dev,"{""project"": ""proj-5""}"
res-607,Diana,prod,"{""project"": ""proj-3""}"
res-608,Diana,prod,"{""project"": ""proj-5""}"
res-609,Diana,prod,"{""project"": ""proj-2""}"
res-610,Charlie,dev,"{""project"": ""proj-1""}"
res-611,,test,"{""project"": ""proj-4""}"
res-612,Alice,prod,"{""project"": ""proj-3""}"
res-613,,prod,"{""project"": ""proj-4""}"
res-614,Eve,prod,"{""project"": ""proj-3""}"
res-615,Bob,dev,"{""project"": ""proj-3""}"
res-616,Diana,dev,"{""project"": ""proj-3""}"
res-617,Alice,test,"{""project"": ""proj-3""}"
res-618,Alice,test,"{""project"": ""proj-2""}"
res-619,Alice,test,"{""project"": ""proj-1""}"
res-620,Bob,dev,"{""project"": ""proj-3""}"
res-621,Diana,dev,"{""project"": ""proj-1""}"
res-622,Bob,test,"{""project"": ""proj-4""}"
res-623,Charlie,test,"{""project"": ""proj-3""}"
res-624,Diana,test,"{""project"": ""proj-1""}"
res-625,Alice,dev,"{""project"": ""proj-5""}"
res-626,Diana,dev,"{""project"": ""proj-5""}"
res-627,Alice,dev,"{""project"": ""proj-4""}"
res-628,Alice,prod,"{""project"": ""proj-4""}"
res-629,Eve,test,"{""project"": ""proj-5""}"
res-630,,test,"{""project"": ""proj-3""}"
res-631,Charlie,prod,"{""project"": ""proj-3""}"
res-632,Alice,prod,"{""project"": ""proj-3""}"
res-633,Bob,prod,"{""project"": ""proj-4""}"
res-634,Alice,dev,"{""project"": ""proj-5""}"
res-635,Diana,dev,"{""project"": ""proj-1""}"
res-636,,prod,"{""project"": ""proj-3""}"
res-637,Bob,prod,"{""project"": ""proj-4""}"
res-638,Diana,test,"{""project"": ""proj-1""}"
res-639,Bob,prod,"{""project"": ""proj-1""}"
res-640,,dev,"{""project"": ""proj-5""}"
res-641,,prod,"{""project"": ""proj-3""}"
res-642,Eve,test,"{""project"": ""proj-2""}"
res-643,Charlie,test,"{""project"": ""proj-4""}"
res-644,Diana,prod,"{""project"": ""proj-3""}"
res-645,Charlie,prod,"{""project"": ""proj-1""}"
res-646,Bob,test,"{""project"": ""proj-1""}"
res-647,Bob,dev,"{""project"": ""proj-1""}"
res-648,Eve,dev,"{""project"": ""proj-2""}"
res-649,Bob,prod,"{""project"": ""proj-1""}"
res-650,Alice,prod,"{""project"": ""proj-3""}"
res-651,Charlie,test,"{""project"": ""proj-4""}"
res-652,,test,"{""project"": ""proj-1""}"
res-653,Charlie,prod,"{""project"": ""proj-2""}"
res-654,Eve,prod,"{""project"": ""proj-1""}"
res-655,Alice,test,"{""project"": ""proj-5""}"
res-656,Diana,prod,"{""project"": ""proj-2""}"
res-657,Eve,dev,"{""project"": ""proj-5""}"
res-658,Charlie,prod,"{""project"": ""proj-5""}"
res-659,Bob,test,"{""project"": ""proj-3""}"
res-660,Diana,prod,"{""project"": ""proj-2""}"
res-661,,dev,"{""project"": ""proj-1""}"
res-662,,dev,"{""project"": ""proj-3""}"
res-663,Bob,dev,"{""project"": ""proj-5""}"
res-664,Bob,prod,"{""project"": ""proj-1""}"
res-665,Alice,test,"{""project"": ""proj-2""}"
res-666,Charlie,prod,"{""project"": ""proj-3""}"
res-667,Eve,prod,"{""project"": ""proj-1""}"
res-668,Eve,test,"{""project"": ""proj-5""}"
res-669,Diana,prod,"{""project"": ""proj-2""}"
res-670,Bob,prod,"{""project"": ""proj-3""}"
res-671,Bob,dev,"{""project"": ""proj-3""}"
res-672,Eve,prod,"{""project"": ""proj-2""}"
res-673,Eve,test,"{""project"": ""proj-4""}"
res-674,Bob,dev,"{""project"": ""proj-3""}"
res-675,Charlie,dev,"{""project"": ""proj-5""}"
res-676,Charlie,test,"{""project"": ""proj-4""}"
res-677,Alice,dev,"{""project"": ""proj-2""}"
res-678,Bob,prod,"{""project"": ""proj-2""}"
res-679,Eve,test,"{""project"": ""proj-3""}"
res-680,Bob,dev,"{""project"": ""proj-4""}"
res-681,Alice,dev,"{""project"": ""proj-4""}"
res-682,Alice,prod,"{""project"": ""proj-4""}"
res-683,,prod,"{""project"": ""proj-1""}"
res-684,Bob,prod,"{""project"": ""proj-5""}"
res-685,Alice,dev,"{""project"": ""proj-3""}"
res-686,Charlie,prod,"{""project"": ""proj-1""}"
res-687,Alice,dev,"{""project"": ""proj-5""}"
res-688,Bob,test,"{""project"": ""proj-5""}"
res-689,,dev,"{""project"": ""proj-1""}"
res-690,,test,"{""project"": ""proj-5""}"
res-691,Charlie,prod,"{""project"": ""proj-2""}"
res-692,,test,"{""project"": ""proj-3""}"
res-693,Charlie,dev,"{""project"": ""proj-4""}"
res-694,Bob,dev,"{""project"": ""proj-5""}"
res-695,Alice,dev,"{""project"": ""proj-5""}"
res-696,Bob,dev,"{""project"": ""proj-3""}"
res-697,Alice,dev,"{""project"": ""proj-1""}"
res-698,,prod,"{""project"": ""proj-5""}"
res-699,Alice,test,"{""project"": ""proj-3""}"
res-700,Diana,dev,"{""project"": ""proj-1""}"
res-701,Bob,prod,"{""project"": ""proj-1""}"
res-702,,prod,"{""project"": ""proj-3""}"
res-703,Eve,test,"{""project"": ""proj-2""}"
res-704,Eve,dev,"{""project"": ""proj-3""}"
res-705,Alice,prod,"{""project"": ""proj-2""}"
res-706,,dev,"{""project"": ""proj-1""}"
res-707,Eve,test,"{""project"": ""proj-1""}"
res-708,Alice,dev,"{""project"": ""proj-2""}"
res-709,,dev,"{""project"": ""proj-4""}"
res-710,Diana,prod,"{""project"": ""proj-1""}"
res-711,Bob,prod,"{""project"": ""proj-3""}"
res-712,Diana,prod,"{""project"": ""proj-5""}"
res-713,Charlie,prod,"{""project"": ""proj-3""}"
res-714,Charlie,test,"{""project"": ""proj-3""}"
res-715,Alice,dev,"{""project"": ""proj-1""}"
res-716,Charlie,test,"{""project"": ""proj-5""}"
res-717,Bob,dev,"{""project"": ""proj-1""}"
res-718,Alice,prod,"{""project"": ""proj-5""}"
res-719,,prod,"{""project"": ""proj-3""}"
res-720,Charlie,test,"{""project"": ""proj-5""}"
res-721,Charlie,dev,"{""project"": ""proj-1""}"
res-722,Charlie,dev,"{""project"": ""proj-3""}"
res-723,Eve,test,"{""project"": ""proj-1""}"
res-724,Alice,test,"{""project"": ""proj-4""}"
res-725,Charlie,dev,"{""project"": ""proj-5""}"
res-726,,test,"{""project"": ""proj-1""}"
res-727,Bob,dev,"{""project"": ""proj-5""}"
res-728,Charlie,test,"{""project"": ""proj-4""}"
res-729,Bob,test,"{""project"": ""proj-3""}"
res-730,,dev,"{""project"": ""proj-3""}"
res-731,Bob,prod,"{""project"": ""proj-2""}"
res-732,Eve,test,"{""project"": ""proj-4""}"
res-733,Alice,prod,"{""project"": ""proj-5""}"
res-734,Alice,test,"{""project"": ""proj-2""}"
res-735,Eve,test,"{""project"": ""proj-3""}"
res-736,,dev,"{""project"": ""proj-2""}"
res-737,Diana,dev,"{""project"": ""proj-2""}"
res-738,Charlie,dev,"{""project"": ""proj-5""}"
res-739,Alice,test,"{""project"": ""proj-5""}"
res-740,Charlie,dev,"{""project"": ""proj-2""}"
res-741,Diana,prod,"{""project"": ""proj-2""}"
res-742,Charlie,test,"{""project"": ""proj-2""}"
res-743,Bob,prod,"{""project"": ""proj-4""}"
res-744,,prod,"{""project"": ""proj-4""}"
res-745,Diana,test,"{""project"": ""proj-2""}"
res-746,,dev,"{""project"": ""proj-5""}"
res-747,Alice,prod,"{""project"": ""proj-4""}"
res-748,,prod,"{""project"": ""proj-3""}"
res-749,Diana,prod,"{""project"": ""proj-1""}"
res-750,Eve,dev,"{""project"": ""proj-4""}"
res-751,Charlie,test,"{""project"": ""proj-2""}"
res-752,,test,"{""project"": ""proj-5""}"
res-753,Diana,dev,"{""project"": ""proj-2""}"
res-754,Charlie,test,"{""project"": ""proj-1""}"
res-755,Charlie,dev,"{""project"": ""proj-3""}"
res-756,Alice,dev,"{""project"": ""proj-5""}"
res-757,,prod,"{""project"": ""proj-2""}"
res-758,Alice,dev,"{""project"": ""proj-2""}"
res-759,Eve,dev,"{""project"": ""proj-4""}"
res-760,Alice,test,"{""project"": ""proj-4""}"
res-761,,test,"{""project"": ""proj-4""}"
res-762,Eve,test,"{""project"": ""proj-4""}"
res-763,Bob,test,"{""project"": ""proj-5""}"
res-764,Alice,prod,"{""project"": ""proj-4""}"
res-765,Alice,prod,"{""project"": ""proj-1""}"
res-766,,dev,"{""project"": ""proj-1""}"
res-767,,dev,"{""project"": ""proj-3""}"
res-768,Charlie,test,"{""project"": ""proj-3""}"
res-769,Charlie,dev,"{""project"": ""proj-3""}"
res-770,Bob,prod,"{""project"": ""proj-4""}"
res-771,Bob,prod,"{""project"": ""proj-1""}"
res-772,,test,"{""project"": ""proj-4""}"
res-773,Charlie,dev,"{""project"": ""proj-3""}"
res-774,Diana,prod,"{""project"": ""proj-1""}"
res-775,Eve,test,"{""project"": ""proj-3""}"
res-776,Charlie,dev,"{""project"": ""proj-4""}"
res-777,,dev,"{""project"": ""proj-3""}"
res-778,,test,"{""project"": ""proj-2""}"
res-779,Diana,dev,"{""project"": ""proj-5""}"
res-780,Alice,test,"{""project"": ""proj-1""}"
res-781,Eve,dev,"{""project"": ""proj-5""}"
res-782,Diana,prod,"{""project"": ""proj-1""}"
res-783,Alice,test,"{""project"": ""proj-5""}"
res-784,Eve,dev,"{""project"": ""proj-1""}"
res-785,,prod,"{""project"": ""proj-5""}"
res-786,Alice,dev,"{""project"": ""proj-3""}"
res-787,Bob,prod,"{""project"": ""proj-1""}"
res-788,Alice,test,"{""project"": ""proj-1""}"
res-789,Diana,prod,"{""project"": ""proj-4""}"
res-790,Bob,dev,"{""project"": ""proj-5""}"
res-791,,test,"{""project"": ""proj-3""}"
res-792,Eve,dev,"{""project"": ""proj-5""}"
res-793,,dev,"{""project"": ""proj-3""}"
res-794,Bob,prod,"{""project"": ""proj-1""}"
res-795,Eve,test,"{""project"": ""proj-1""}"
res-796,Diana,prod,"{""project"": ""proj-1""}"
res-797,Diana,dev,"{""project"": ""proj-3""}"
res-798,Diana,dev,"{""project"": ""proj-4""}"
res-799,Diana,dev,"{""project"": ""proj-2""}"
res-800,Bob,prod,"{""project"": ""proj-3""}"
res-801,Alice,test,"{""project"": ""proj-2""}"
res-802,Bob,test,"{""project"": ""proj-5""}"
res-803,Alice,test,"{""project"": ""proj-5""}"
res-804,,test,"{""project"": ""proj-2""}"
res-805,Eve,dev,"{""project"": ""proj-5""}"
res-806,Eve,dev,"{""project"": ""proj-4""}"
res-807,Alice,prod,"{""project"": ""proj-1""}"
res-808,Alice,dev,"{""project"": ""proj-4""}"
res-809,Alice,test,"{""project"": ""proj-4""}"
res-810,Alice,prod,"{""project"": ""proj-1""}"
res-811,Charlie,prod,"{""project"": ""proj-5""}"
res-812,,dev,"{""project"": ""proj-5""}"
res-813,Alice,test,"{""project"": ""proj-3""}"
res-814,Bob,dev,"{""project"": ""proj-3""}"
res-815,,dev,"{""project"": ""proj-2""}"
res-816,Alice,test,"{""project"": ""proj-3""}"
res-817,Eve,prod,"{""project"": ""proj-5""}"
res-818,Diana,dev,"{""project"": ""proj-1""}"
res-819,Alice,prod,"{""project"": ""proj-2""}"
res-820,,prod,"{""project"": ""proj-2""}"
res-821,Alice,dev,"{""project"": ""proj-2""}"
res-822,Charlie,test,"{""project"": ""proj-5""}"
res-823,Charlie,dev,"{""project"": ""proj-3""}"
res-824,Charlie,test,"{""project"": ""proj-2""}"
res-825,,prod,"{""project"": ""proj-2""}"
res-826,Diana,test,"{""project"": ""proj-3""}"
res-827,Bob,test,"{""project"": ""proj-4""}"
res-828,Diana,test,"{""project"": ""proj-2""}"
res-829,Charlie,prod,"{""project"": ""proj-3""}"
res-830,Diana,test,"{""project"": ""proj-1""}"
res-831,Diana,prod,"{""project"": ""proj-2""}"
res-832,Bob,prod,"{""project"": ""proj-5""}"
res-833,Diana,prod,"{""project"": ""proj-1""}"
res-834,Eve,dev,"{""project"": ""proj-3""}"
res-835,Alice,test,"{""project"": ""proj-3""}"
res-836,Diana,prod,"{""project"": ""proj-4""}"
res-837,Eve,prod,"{""project"": ""proj-1""}"
res-838,Alice,prod,"{""project"": ""proj-4""}"
res-839,Diana,prod,"{""project"": ""proj-5""}"
res-840,Alice,test,"{""project"": ""proj-5""}"
res-841,Alice,dev,"{""project"": ""proj-3""}"
res-842,,prod,"{""project"": ""proj-2""}"
res-843,Charlie,prod,"{""project"": ""proj-4""}"
res-844,,prod,"{""project"": ""proj-1""}"
res-845,,dev,"{""project"": ""proj-3""}"
res-846,Charlie,dev,"{""project"": ""proj-3""}"
res-847,,dev,"{""project"": ""proj-1""}"
res-848,,prod,"{""project"": ""proj-3""}"
res-849,Eve,test,"{""project"": ""proj-3""}"
res-850,Eve,dev,"{""project"": ""proj-2""}"
res-851,Alice,dev,"{""project"": ""proj-2""}"
res-852,Diana,prod,"{""project"": ""proj-5""}"
res-853,Alice,dev,"{""project"": ""proj-2""}"
res-854,Alice,test,"{""project"": ""proj-1""}"
res-855,Alice,prod,"{""project"": ""proj-5""}"
res-856,,dev,"{""project"": ""proj-1""}"
res-857,Charlie,dev,"{""project"": ""proj-1""}"
res-858,Eve,prod,"{""project"": ""proj-5""}"
res-859,Alice,prod,"{""project"": ""proj-2""}"
res-860,Alice,dev,"{""project"": ""proj-5""}"
res-861,Alice,dev,"{""project"": ""proj-3""}"
res-862,Charlie,dev,"{""project"": ""proj-4""}"
res-863,Eve,prod,"{""project"": ""proj-1""}"
res-864,Eve,prod,"{""project"": ""proj-3""}"
res-865,Diana,dev,"{""project"": ""proj-1""}"
res-866,Diana,test,"{""project"": ""proj-5""}"
res-867,Alice,prod,"{""project"": ""proj-2""}"
res-868,Diana,dev,"{""project"": ""proj-2""}"
res-869,,test,"{""project"": ""proj-3""}"
res-870,Diana,dev,"{""project"": ""proj-1""}"
res-871,,dev,"{""project"": ""proj-1""}"
res-872,Bob,test,"{""project"": ""proj-5""}"
res-873,Bob,test,"{""project"": ""proj-4""}"
res-874,Eve,prod,"{""project"": ""proj-1""}"
res-875,Diana,test,"{""project"": ""proj-4""}"
res-876,Bob,test,"{""project"": ""proj-4""}"
res-877,Eve,prod,"{""project"": ""proj-4""}"
res-878,Eve,dev,"{""project"": ""proj-4""}"
res-879,Charlie,test,"{""project"": ""proj-1""}"
res-880,,prod,"{""project"": ""proj-1""}"
res-881,Diana,test,"{""project"": ""proj-1""}"
res-882,,dev,"{""project"": ""proj-3""}"
res-883,Diana,prod,"{""project"": ""proj-4""}"
res-884,Charlie,test,"{""project"": ""proj-5""}"
res-885,,dev,"{""project"": ""proj-3""}"
res-886,Charlie,test,"{""project"": ""proj-2""}"
res-887,Charlie,prod,"{""project"": ""proj-4""}"
res-888,Charlie,test,"{""project"": ""proj-1""}"
res-889,,test,"{""project"": ""proj-5""}"
res-890,Diana,test,"{""project"": ""proj-5""}"
res-891,,prod,"{""project"": ""proj-5""}"
res-892,,prod,"{""project"": ""proj-5""}"
res-893,Diana,dev,"{""project"": ""proj-2""}"
res-894,Alice,prod,"{""project"": ""proj-2""}"
res-895,Bob,test,"{""project"": ""proj-2""}"
res-896,Charlie,test,"{""project"": ""proj-4""}"
res-897,Bob,dev,"{""project"": ""proj-3""}"
res-898,Alice,dev,"{""project"": ""proj-3""}"
res-899,,dev,"{""project"": ""proj-2""}"
res-900,Eve,prod,"{""project"": ""proj-3""}"
res-901,Charlie,test,"{""project"": ""proj-5""}"
res-902,Bob,test,"{""project"": ""proj-4""}"
res-903,,dev,"{""project"": ""proj-3""}"
res-904,Bob,test,"{""project"": ""proj-4""}"
res-905,,dev,"{""project"": ""proj-2""}"
res-906,,dev,"{""project"": ""proj-5""}"
res-907,Charlie,test,"{""project"": ""proj-1""}"
res-908,,test,"{""project"": ""proj-1""}"
res-909,Charlie,prod,"{""project"": ""proj-4""}"
res-910,Diana,prod,"{""project"": ""proj-5""}"
res-911,Bob,prod,"{""project"": ""proj-4""}"
res-912,Alice,dev,"{""project"": ""proj-2""}"
res-913,Charlie,test,"{""project"": ""proj-4""}"
res-914,Bob,dev,"{""project"": ""proj-4""}"
res-915,Alice,prod,"{""project"": ""proj-5""}"
res-916,Bob,dev,"{""project"": ""proj-4""}"
res-917,Bob,prod,"{""project"": ""proj-1""}"
res-918,,dev,"{""project"": ""proj-2""}"
res-919,Bob,prod,"{""project"": ""proj-2""}"
res-920,Alice,test,"{""project"": ""proj-3""}"
res-921,,test,"{""project"": ""proj-1""}"
res-922,,test,"{""project"": ""proj-4""}"
res-923,Bob,test,"{""project"": ""proj-3""}"
res-924,Diana,prod,"{""project"": ""proj-3""}"
res-925,Eve,test,"{""project"": ""proj-3""}"
res-926,Charlie,dev,"{""project"": ""proj-3""}"
res-927,Charlie,test,"{""project"": ""proj-5""}"
res-928,Diana,dev,"{""project"": ""proj-5""}"
res-929,Alice,test,"{""project"": ""proj-3""}"
res-930,Charlie,prod,"{""project"": ""proj-5""}"
res-931,Alice,dev,"{""project"": ""proj-3""}"
res-932,,prod,"{""project"": ""proj-2""}"
res-933,Bob,test,"{""project"": ""proj-1""}"
res-934,Alice,test,"{""project"": ""proj-2""}"
res-935,Charlie,prod,"{""project"": ""proj-1""}"
res-936,,prod,"{""project"": ""proj-5""}"
res-937,,dev,"{""project"": ""proj-5""}"
res-938,Diana,dev,"{""project"": ""proj-1""}"
res-939,,dev,"{""project"": ""proj-1""}"
res-940,,dev,"{""project"": ""proj-3""}"
res-941,Eve,prod,"{""project"": ""proj-4""}"
res-942,Diana,dev,"{""project"": ""proj-1""}"
res-943,Eve,prod,"{""project"": ""proj-5""}"
res-944,Diana,test,"{""project"": ""proj-2""}"
res-945,Alice,prod,"{""project"": ""proj-1""}"
res-946,Diana,prod,"{""project"": ""proj-5""}"
res-947,Alice,dev,"{""project"": ""proj-4""}"
res-948,,test,"{""project"": ""proj-3""}"
res-949,Bob,dev,"{""project"": ""proj-2""}"
res-950,Alice,test,"{""project"": ""proj-1""}"
res-951,,prod,"{""project"": ""proj-5""}"
res-952,,prod,"{""project"": ""proj-4""}"
res-953,Alice,prod,"{""project"": ""proj-2""}"
res-954,,prod,"{""project"": ""proj-2""}"
res-955,Alice,dev,"{""project"": ""proj-2""}"
res-956,Bob,test,"{""project"": ""proj-5""}"
res-957,,test,"{""project"": ""proj-4""}"
res-958,Diana,test,"{""project"": ""proj-5""}"
res-959,Eve,test,"{""project"": ""proj-5""}"
res-960,Eve,prod,"{""project"": ""proj-3""}"
res-961,Diana,test,"{""project"": ""proj-4""}"
res-962,,prod,"{""project"": ""proj-4""}"
res-963,,prod,"{""project"": ""proj-3""}"
res-964,Alice,prod,"{""project"": ""proj-4""}"
res-965,Diana,test,"{""project"": ""proj-3""}"
res-966,Charlie,test,"{""project"": ""proj-2""}"
res-967,Eve,dev,"{""project"": ""proj-1""}"
res-968,Eve,test,"{""project"": ""proj-2""}"
res-969,Diana,test,"{""project"": ""proj-1""}"
res-970,Alice,dev,"{""project"": ""proj-1""}"
res-971,Diana,prod,"{""project"": ""proj-1""}"
res-972,Diana,test,"{""project"": ""proj-1""}"
res-973,Charlie,test,"{""project"": ""proj-4""}"
res-974,Bob,test,"{""project"": ""proj-4""}"
res-975,Alice,prod,"{""project"": ""proj-5""}"
res-976,Bob,test,"{""project"": ""proj-1""}"
res-977,,prod,"{""project"": ""proj-5""}"
res-978,Charlie,test,"{""project"": ""proj-1""}"
res-979,Bob,prod,"{""project"": ""proj-5""}"
res-980,Alice,dev,"{""project"": ""proj-5""}"
res-981,Charlie,dev,"{""project"": ""proj-1""}"
res-982,Bob,dev,"{""project"": ""proj-1""}"
res-983,Eve,dev,"{""project"": ""proj-1""}"
res-984,,dev,"{""project"": ""proj-4""}"
res-985,Bob,prod,"{""project"": ""proj-5""}"
res-986,,prod,"{""project"": ""proj-2""}"
res-987,Eve,dev,"{""project"": ""proj-3""}"
res-988,Alice,test,"{""project"": ""proj-2""}"
res-989,Diana,prod,"{""project"": ""proj-5""}"
res-990,Diana,prod,"{""project"": ""proj-4""}"
res-991,Diana,dev,"{""project"": ""proj-5""}"
res-992,,dev,"{""project"": ""proj-5""}"
res-993,Eve,test,"{""project"": ""proj-1""}"
res-994,Charlie,test,"{""project"": ""proj-4""}"
res-995,Charlie,test,"{""project"": ""proj-2""}"
res-996,Alice,test,"{""project"": ""proj-4""}"
res-997,,prod,"{""project"": ""proj-2""}"
res-998,Bob,prod,"{""project"": ""proj-3""}"
res-999,Diana,test,"{""project"": ""proj-5""}"
res-1000,,dev,"{""project"": ""proj-5""}"
res-1001,Eve,prod,"{""project"": ""proj-5""}"
res-1002,Alice,dev,"{""project"": ""proj-5""}"
res-1003,Eve,test,"{""project"": ""proj-1""}"
res-1004,Alice,test,"{""project"": ""proj-4""}"
res-1005,Alice,dev,"{""project"": ""proj-1""}"
res-1006,Alice,dev,"{""project"": ""proj-3""}"
res-1007,,dev,"{""project"": ""proj-3""}"
res-1008,Charlie,test,"{""project"": ""proj-1""}"
res-1009,Eve,prod,"{""project"": ""proj-4""}"
res-1010,Alice,test,"{""project"": ""proj-1""}"
res-1011,,dev,"{""project"": ""proj-2""}"
res-1012,,prod,"{""project"": ""proj-2""}"
res-1013,Diana,prod,"{""project"": ""proj-4""}"
res-1014,Bob,dev,"{""project"": ""proj-1""}"
res-1015,,dev,"{""project"": ""proj-5""}"
res-1016,Charlie,dev,"{""project"": ""proj-4""}"
res-1017,Bob,prod,"{""project"": ""proj-5""}"
res-1018,,test,"{""project"": ""proj-3""}"
res-1019,Bob,prod,"{""project"": ""proj-1""}"
res-1020,,prod,"{""project"": ""proj-4""}"
res-1021,,test,"{""project"": ""proj-1""}"
res-1022,,dev,"{""project"": ""proj-1""}"
res-1023,Alice,test,"{""project"": ""proj-3""}"
res-1024,Diana,test,"{""project"": ""proj-1""}"
res-1025,,test,"{""project"": ""proj-1""}"
res-1026,,prod,"{""project"": ""proj-5""}"
res-1027,Eve,dev,"{""project"": ""proj-5""}"
res-1028,,prod,"{""project"": ""proj-4""}"
res-1029,Diana,test,"{""project"": ""proj-1""}"
res-1030,,dev,"{""project"": ""proj-1""}"
res-1031,Bob,test,"{""project"": ""proj-1""}"
res-1032,Bob,dev,"{""project"": ""proj-3""}"
res-1033,Alice,prod,"{""project"": ""proj-3""}"
res-1034,Alice,test,"{""project"": ""proj-5""}"
res-1035,,test,"{""project"": ""proj-5""}"
res-1036,,dev,"{""project"": ""proj-2""}"
res-1037,Alice,dev,"{""project"": ""proj-1""}"
res-1038,Diana,dev,"{""project"": ""proj-5""}"
res-1039,Eve,dev,"{""project"": ""proj-3""}"
res-1040,Alice,dev,"{""project"": ""proj-5""}"
res-1041,Charlie,test,"{""project"": ""proj-4""}"
res-1042,Alice,dev,"{""project"": ""proj-2""}"
res-1043,Eve,dev,"{""project"": ""proj-2""}"
res-1044,Alice,prod,"{""project"": ""proj-5""}"
res-1045,Diana,test,"{""project"": ""proj-2""}"
res-1046,,prod,"{""project"": ""proj-4""}"
res-1047,Charlie,dev,"{""project"": ""proj-1""}"
res-1048,,dev,"{""project"": ""proj-4""}"
res-1049,Bob,dev,"{""project"": ""proj-3""}"
res-1050,Charlie,test,"{""project"": ""proj-2""}"
res-1051,Bob,test,"{""project"": ""proj-2""}"
res-1052,Charlie,dev,"{""project"": ""proj-1""}"
res-1053,Charlie,test,"{""project"": ""proj-2""}"
res-1054,Eve,test,"{""project"": ""proj-1""}"
res-1055,,test,"{""project"": ""proj-3""}"
res-1056,Eve,test,"{""project"": ""proj-2""}"
res-1057,Eve,test,"{""project"": ""proj-2""}"
res-1058,Diana,prod,"{""project"": ""proj-5""}"
res-1059,Charlie,prod,"{""project"": ""proj-4""}"
res-1060,Eve,prod,"{""project"": ""proj-1""}"
res-1061,Charlie,test,"{""project"": ""proj-4""}"
res-1062,Alice,test,"{""project"": ""proj-4""}"
res-1063,Eve,test,"{""project"": ""proj-4""}"
res-1064,Charlie,test,"{""project"": ""proj-4""}"
res-1065,Charlie,dev,"{""project"": ""proj-3""}"
res-1066,Alice,dev,"{""project"": ""proj-1""}"
res-1067,Charlie,test,"{""project"": ""proj-3""}"
res-1068,,prod,"{""project"": ""proj-5""}"
res-1069,Diana,test,"{""project"": ""proj-5""}"
res-1070,Bob,dev,"{""project"": ""proj-2""}"
res-1071,,test,"{""project"": ""proj-3""}"
res-1072,Diana,prod,"{""project"": ""proj-1""}"
res-1073,Alice,test,"{""project"": ""proj-3""}"
res-1074,,prod,"{""project"": ""proj-3""}"
res-1075,Bob,test,"{""project"": ""proj-5""}"
res-1076,Bob,test,"{""project"": ""proj-1""}"
res-1077,,prod,"{""project"": ""proj-2""}"
res-1078,Diana,test,"{""project"": ""proj-2""}"
res-1079,Charlie,prod,"{""project"": ""proj-1""}"
res-1080,Bob,prod,"{""project"": ""proj-4""}"
res-1081,Charlie,test,"{""project"": ""proj-4""}"
res-1082,,prod,"{""project"": ""proj-4""}"
res-1083,Diana,prod,"{""project"": ""proj-2""}"
res-1084,Alice,prod,"{""project"": ""proj-1""}"
res-1085,Bob,test,"{""project"": ""proj-2""}"
res-1086,,dev,"{""project"": ""proj-5""}"
res-1087,Bob,test,"{""project"": ""proj-5""}"
res-1088,Eve,dev,"{""project"": ""proj-3""}"
res-1089,Charlie,dev,"{""project"": ""proj-5""}"
res-1090,,test,"{""project"": ""proj-2""}"
res-1091,Bob,test,"{""project"": ""proj-4""}"
res-1092,,test,"{""project"": ""proj-2""}"
res-1093,Bob,test,"{""project"": ""proj-1""}"
res-1094,Bob,test,"{""project"": ""proj-3""}"
res-1095,,dev,"{""project"": ""proj-5""}"
res-1096,Alice,dev,"{""project"": ""proj-4""}"
res-1097,Diana,dev,"{""project"": ""proj-1""}"
res-1098,Alice,prod,"{""project"": ""proj-2""}"
res-1099,Charlie,prod,"{""project"": ""proj-2""}"
res-1100,Alice,test,"{""project"": ""proj-3""}"
res-1101,Diana,dev,"{""project"": ""proj-1""}"
res-1102,Diana,test,"{""project"": ""proj-5""}"
res-1103,Alice,prod,"{""project"": ""proj-3""}"
res-1104,,test,"{""project"": ""proj-1""}"
res-1105,,prod,"{""project"": ""proj-2""}"
res-1106,Alice,test,"{""project"": ""proj-2""}"
res-1107,Diana,test,"{""project"": ""proj-2""}"
res-1108,Eve,test,"{""project"": ""proj-3""}"
res-1109,Diana,prod,"{""project"": ""proj-3""}"
res-1110,Eve,dev,"{""project"": ""proj-2""}"
res-1111,,dev,"{""project"": ""proj-1""}"
res-1112,Bob,dev,"{""project"": ""proj-2""}"
res-1113,Diana,test,"{""project"": ""proj-2""}"
res-1114,Charlie,prod,"{""project"": ""proj-4""}"
res-1115,Bob,test,"{""project"": ""proj-4""}"
res-1116,Diana,dev,"{""project"": ""proj-4""}"
res-1117,,dev,"{""project"": ""proj-3""}"
res-1118,Eve,test,"{""project"": ""proj-1""}"
res-1119,Bob,dev,"{""project"": ""proj-1""}"
res-1120,,test,"{""project"": ""proj-4""}"
res-1121,Alice,dev,"{""project"": ""proj-4""}"
res-1122,Diana,prod,"{""project"": ""proj-3""}"
res-1123,Charlie,prod,"{""project"": ""proj-1""}"
res-1124,Eve,prod,"{""project"": ""proj-2""}"
res-1125,Alice,prod,"{""project"": ""proj-2""}"
res-1126,Eve,prod,"{""project"": ""proj-4""}"
res-1127,Charlie,dev,"{""project"": ""proj-3""}"
res-1128,Diana,dev,"{""project"": ""proj-1""}"
res-1129,Bob,dev,"{""project"": ""proj-3""}"
res-1130,Alice,test,"{""project"": ""proj-5""}"
res-1131,Bob,test,"{""project"": ""proj-4""}"
res-1132,Diana,dev,"{""project"": ""proj-3""}"
res-1133,,dev,"{""project"": ""proj-1""}"
res-1134,Eve,dev,"{""project"": ""proj-4""}"
res-1135,Charlie,test,"{""project"": ""proj-3""}"
res-1136,Charlie,test,"{""project"": ""proj-1""}"
res-1137,Alice,prod,"{""project"": ""proj-3""}"
res-1138,,dev,"{""project"": ""proj-1""}"
res-1139,,test,"{""project"": ""proj-4""}"
res-1140,Charlie,test,"{""project"": ""proj-4""}"
res-1141,Eve,prod,"{""project"": ""proj-5""}"
res-1142,Eve,test,"{""project"": ""proj-2""}"
res-1143,Bob,prod,"{""project"": ""proj-1""}"
res-1144,Charlie,test,"{""project"": ""proj-3""}"
res-1145,Eve,prod,"{""project"": ""proj-4""}"
res-1146,Charlie,test,"{""project"": ""proj-4""}"
res-1147,Alice,dev,"{""project"": ""proj-3""}"
res-1148,Diana,prod,"{""project"": ""proj-1""}"
res-1149,Diana,test,"{""project"": ""proj-3""}"
res-1150,Diana,dev,"{""project"": ""proj-5""}"
res-1151,Diana,dev,"{""project"": ""proj-5""}"
res-1152,Eve,prod,"{""project"": ""proj-1""}"
res-1153,Diana,dev,"{""project"": ""proj-3""}"
res-1154,Bob,test,"{""project"": ""proj-4""}"
res-1155,,test,"{""project"": ""proj-3""}"
res-1156,Bob,prod,"{""project"": ""proj-5""}"
res-1157,Alice,prod,"{""project"": ""proj-3""}"
res-1158,Charlie,dev,"{""project"": ""proj-2""}"
res-1159,Eve,dev,"{""project"": ""proj-2""}"
res-1160,Diana,dev,"{""project"": ""proj-1""}"
res-1161,Bob,prod,"{""project"": ""proj-4""}"
res-1162,,prod,"{""project"": ""proj-2""}"
res-1163,Diana,test,"{""project"": ""proj-1""}"
res-1164,Eve,dev,"{""project"": ""proj-1""}"
res-1165,Diana,prod,"{""project"": ""proj-4""}"
res-1166,Eve,dev,"{""project"": ""proj-4""}"
res-1167,Eve,prod,"{""project"": ""proj-5""}"
res-1168,,dev,"{""project"": ""proj-1""}"
res-1169,,dev,"{""project"": ""proj-1""}"
res-1170,Eve,dev,"{""project"": ""proj-4""}"
res-1171,Charlie,prod,"{""project"": ""proj-5""}"
res-1172,Charlie,prod,"{""project"": ""proj-5""}"
res-1173,Bob,dev,"{""project"": ""proj-3""}"
res-1174,Charlie,dev,"{""project"": ""proj-5""}"
res-1175,Bob,test,"{""project"": ""proj-4""}"
res-1176,Alice,prod,"{""project"": ""proj-3""}"
res-1177,Bob,test,"{""project"": ""proj-4""}"
res-1178,Eve,dev,"{""project"": ""proj-5""}"
res-1179,Charlie,dev,"{""project"": ""proj-2""}"
res-1180,Alice,dev,"{""project"": ""proj-2""}"
res-1181,,prod,"{""project"": ""proj-3""}"
res-1182,Diana,dev,"{""project"": ""proj-3""}"
res-1183,Charlie,dev,"{""project"": ""proj-5""}"
res-1184,Alice,prod,"{""project"": ""proj-3""}"
res-1185,Charlie,test,"{""project"": ""proj-5""}"
res-1186,Alice,test,"{""project"": ""proj-4""}"
res-1187,Alice,dev,"{""project"": ""proj-5""}"
res-1188,Alice,test,"{""project"": ""proj-5""}"
res-1189,Diana,dev,"{""project"": ""proj-5""}"
res-1190,Bob,prod,"{""project"": ""proj-5""}"
res-1191,Bob,dev,"{""project"": ""proj-3""}"
res-1192,Bob,test,"{""project"": ""proj-1""}"
res-1193,Charlie,test,"{""project"": ""proj-2""}"
res-1194,,prod,"{""project"": ""proj-1""}"
res-1195,Diana,test,"{""project"": ""proj-3""}"
res-1196,Alice,dev,"{""project"": ""proj-4""}"
res-1197,Diana,dev,"{""project"": ""proj-4""}"
res-1198,Charlie,test,"{""project"": ""proj-3""}"
res-1199,,test,"{""project"": ""proj-2""}"
res-1200,,dev,"{""project"": ""proj-1""}"
